<?xml version="1.0" encoding="UTF-8"?>
<zabbix_export>
    <version>2.0</version>
    <date>2013-04-22T13:22:57Z</date>
    <groups>
        <group>
            <name>100 - Linux</name>
        </group>
    </groups>
    <templates>
        <template>
            <template>104_Disk_Performance</template>
            <name>104_Disk_Performance</name>
            <groups>
                <group>
                    <name>100 - Linux</name>
                </group>
            </groups>
            <applications>
                <application>
                    <name>Sistema de Arquivos - Performance</name>
                </application>
            </applications>
            <items/>
            <discovery_rules>
                <discovery_rule>
                    <name>Descoberta de sistema de arquivos</name>
                    <type>0</type>
                    <snmp_community/>
                    <snmp_oid/>
                    <key>vfs.fs.discovery</key>
                    <delay>60</delay>
                    <status>0</status>
                    <allowed_hosts/>
                    <snmpv3_securityname/>
                    <snmpv3_securitylevel>0</snmpv3_securitylevel>
                    <snmpv3_authpassphrase/>
                    <snmpv3_privpassphrase/>
                    <delay_flex/>
                    <params/>
                    <ipmi_sensor/>
                    <authtype>0</authtype>
                    <username/>
                    <password/>
                    <publickey/>
                    <privatekey/>
                    <port/>
                    <filter>{#FSTYPE}:@File systems for discovery</filter>
                    <lifetime>30</lifetime>
                    <description>Processo de descoberta automática de sistema de arquivos</description>
                    <item_prototypes>
                        <item_prototype>
                            <name>$1 - Current IO Requests</name>
                            <type>7</type>
                            <snmp_community/>
                            <multiplier>0</multiplier>
                            <snmp_oid/>
                            <key>custom.vfs.dev[{#FSNAME},IoProgress]</key>
                            <delay>300</delay>
                            <history>7</history>
                            <trends>365</trends>
                            <status>0</status>
                            <value_type>3</value_type>
                            <allowed_hosts/>
                            <units/>
                            <delta>0</delta>
                            <snmpv3_securityname/>
                            <snmpv3_securitylevel>0</snmpv3_securitylevel>
                            <snmpv3_authpassphrase/>
                            <snmpv3_privpassphrase/>
                            <formula>1</formula>
                            <delay_flex/>
                            <params/>
                            <ipmi_sensor/>
                            <data_type>0</data_type>
                            <authtype>0</authtype>
                            <username/>
                            <password/>
                            <publickey/>
                            <privatekey/>
                            <port/>
                            <description/>
                            <inventory_link>0</inventory_link>
                            <applications>
                                <application>
                                    <name>Sistema de Arquivos - Performance</name>
                                </application>
                            </applications>
                            <valuemap/>
                        </item_prototype>
                        <item_prototype>
                            <name>$1 - Disk IO latency in ms</name>
                            <type>7</type>
                            <snmp_community/>
                            <multiplier>0</multiplier>
                            <snmp_oid/>
                            <key>custom.vfs.dev[{#FSNAME},IoMs]</key>
                            <delay>300</delay>
                            <history>7</history>
                            <trends>365</trends>
                            <status>0</status>
                            <value_type>3</value_type>
                            <allowed_hosts/>
                            <units>ms</units>
                            <delta>1</delta>
                            <snmpv3_securityname/>
                            <snmpv3_securitylevel>0</snmpv3_securitylevel>
                            <snmpv3_authpassphrase/>
                            <snmpv3_privpassphrase/>
                            <formula>1</formula>
                            <delay_flex/>
                            <params/>
                            <ipmi_sensor/>
                            <data_type>0</data_type>
                            <authtype>0</authtype>
                            <username/>
                            <password/>
                            <publickey/>
                            <privatekey/>
                            <port/>
                            <description/>
                            <inventory_link>0</inventory_link>
                            <applications>
                                <application>
                                    <name>Sistema de Arquivos - Performance</name>
                                </application>
                            </applications>
                            <valuemap/>
                        </item_prototype>
                        <item_prototype>
                            <name>$1 - Disk read latency in ms</name>
                            <type>7</type>
                            <snmp_community/>
                            <multiplier>0</multiplier>
                            <snmp_oid/>
                            <key>custom.vfs.dev[{#FSNAME},ReadMs]</key>
                            <delay>300</delay>
                            <history>7</history>
                            <trends>365</trends>
                            <status>0</status>
                            <value_type>3</value_type>
                            <allowed_hosts/>
                            <units>ms</units>
                            <delta>1</delta>
                            <snmpv3_securityname/>
                            <snmpv3_securitylevel>0</snmpv3_securitylevel>
                            <snmpv3_authpassphrase/>
                            <snmpv3_privpassphrase/>
                            <formula>1</formula>
                            <delay_flex/>
                            <params/>
                            <ipmi_sensor/>
                            <data_type>0</data_type>
                            <authtype>0</authtype>
                            <username/>
                            <password/>
                            <publickey/>
                            <privatekey/>
                            <port/>
                            <description/>
                            <inventory_link>0</inventory_link>
                            <applications>
                                <application>
                                    <name>Sistema de Arquivos - Performance</name>
                                </application>
                            </applications>
                            <valuemap/>
                        </item_prototype>
                        <item_prototype>
                            <name>$1 - Disk read operation in ops</name>
                            <type>7</type>
                            <snmp_community/>
                            <multiplier>0</multiplier>
                            <snmp_oid/>
                            <key>custom.vfs.dev[{#FSNAME},ReadOps]</key>
                            <delay>300</delay>
                            <history>7</history>
                            <trends>365</trends>
                            <status>0</status>
                            <value_type>3</value_type>
                            <allowed_hosts/>
                            <units>ops</units>
                            <delta>1</delta>
                            <snmpv3_securityname/>
                            <snmpv3_securitylevel>0</snmpv3_securitylevel>
                            <snmpv3_authpassphrase/>
                            <snmpv3_privpassphrase/>
                            <formula>1</formula>
                            <delay_flex/>
                            <params/>
                            <ipmi_sensor/>
                            <data_type>0</data_type>
                            <authtype>0</authtype>
                            <username/>
                            <password/>
                            <publickey/>
                            <privatekey/>
                            <port/>
                            <description/>
                            <inventory_link>0</inventory_link>
                            <applications>
                                <application>
                                    <name>Sistema de Arquivos - Performance</name>
                                </application>
                            </applications>
                            <valuemap/>
                        </item_prototype>
                        <item_prototype>
                            <name>$1 - Disk read rate in Bps</name>
                            <type>7</type>
                            <snmp_community/>
                            <multiplier>0</multiplier>
                            <snmp_oid/>
                            <key>custom.vfs.dev[{#FSNAME},ReadSectors]</key>
                            <delay>300</delay>
                            <history>7</history>
                            <trends>365</trends>
                            <status>0</status>
                            <value_type>3</value_type>
                            <allowed_hosts/>
                            <units>Bps</units>
                            <delta>1</delta>
                            <snmpv3_securityname/>
                            <snmpv3_securitylevel>0</snmpv3_securitylevel>
                            <snmpv3_authpassphrase/>
                            <snmpv3_privpassphrase/>
                            <formula>1</formula>
                            <delay_flex/>
                            <params/>
                            <ipmi_sensor/>
                            <data_type>0</data_type>
                            <authtype>0</authtype>
                            <username/>
                            <password/>
                            <publickey/>
                            <privatekey/>
                            <port/>
                            <description/>
                            <inventory_link>0</inventory_link>
                            <applications>
                                <application>
                                    <name>Sistema de Arquivos - Performance</name>
                                </application>
                            </applications>
                            <valuemap/>
                        </item_prototype>
                        <item_prototype>
                            <name>$1 - Disk write latency in ms</name>
                            <type>7</type>
                            <snmp_community/>
                            <multiplier>0</multiplier>
                            <snmp_oid/>
                            <key>custom.vfs.dev[{#FSNAME},WriteMs]</key>
                            <delay>300</delay>
                            <history>7</history>
                            <trends>365</trends>
                            <status>0</status>
                            <value_type>3</value_type>
                            <allowed_hosts/>
                            <units>ms</units>
                            <delta>1</delta>
                            <snmpv3_securityname/>
                            <snmpv3_securitylevel>0</snmpv3_securitylevel>
                            <snmpv3_authpassphrase/>
                            <snmpv3_privpassphrase/>
                            <formula>1</formula>
                            <delay_flex/>
                            <params/>
                            <ipmi_sensor/>
                            <data_type>0</data_type>
                            <authtype>0</authtype>
                            <username/>
                            <password/>
                            <publickey/>
                            <privatekey/>
                            <port/>
                            <description/>
                            <inventory_link>0</inventory_link>
                            <applications>
                                <application>
                                    <name>Sistema de Arquivos - Performance</name>
                                </application>
                            </applications>
                            <valuemap/>
                        </item_prototype>
                        <item_prototype>
                            <name>$1 - Disk write operation in ops</name>
                            <type>7</type>
                            <snmp_community/>
                            <multiplier>0</multiplier>
                            <snmp_oid/>
                            <key>custom.vfs.dev[{#FSNAME},WriteOps]</key>
                            <delay>300</delay>
                            <history>7</history>
                            <trends>365</trends>
                            <status>0</status>
                            <value_type>3</value_type>
                            <allowed_hosts/>
                            <units>ops</units>
                            <delta>1</delta>
                            <snmpv3_securityname/>
                            <snmpv3_securitylevel>0</snmpv3_securitylevel>
                            <snmpv3_authpassphrase/>
                            <snmpv3_privpassphrase/>
                            <formula>1</formula>
                            <delay_flex/>
                            <params/>
                            <ipmi_sensor/>
                            <data_type>0</data_type>
                            <authtype>0</authtype>
                            <username/>
                            <password/>
                            <publickey/>
                            <privatekey/>
                            <port/>
                            <description/>
                            <inventory_link>0</inventory_link>
                            <applications>
                                <application>
                                    <name>Sistema de Arquivos - Performance</name>
                                </application>
                            </applications>
                            <valuemap/>
                        </item_prototype>
                        <item_prototype>
                            <name>$1 - Disk write rate in Bps</name>
                            <type>7</type>
                            <snmp_community/>
                            <multiplier>1</multiplier>
                            <snmp_oid/>
                            <key>custom.vfs.dev[{#FSNAME},WriteSectors]</key>
                            <delay>300</delay>
                            <history>7</history>
                            <trends>365</trends>
                            <status>0</status>
                            <value_type>3</value_type>
                            <allowed_hosts/>
                            <units>Bps</units>
                            <delta>1</delta>
                            <snmpv3_securityname/>
                            <snmpv3_securitylevel>0</snmpv3_securitylevel>
                            <snmpv3_authpassphrase/>
                            <snmpv3_privpassphrase/>
                            <formula>512</formula>
                            <delay_flex/>
                            <params/>
                            <ipmi_sensor/>
                            <data_type>0</data_type>
                            <authtype>0</authtype>
                            <username/>
                            <password/>
                            <publickey/>
                            <privatekey/>
                            <port/>
                            <description/>
                            <inventory_link>0</inventory_link>
                            <applications>
                                <application>
                                    <name>Sistema de Arquivos - Performance</name>
                                </application>
                            </applications>
                            <valuemap/>
                        </item_prototype>
                    </item_prototypes>
                    <trigger_prototypes/>
                    <graph_prototypes>
                        <graph_prototype>
                            <name>Disk Latency {#FSNAME}</name>
                            <width>900</width>
                            <height>200</height>
                            <yaxismin>0.0000</yaxismin>
                            <yaxismax>100.0000</yaxismax>
                            <show_work_period>0</show_work_period>
                            <show_triggers>0</show_triggers>
                            <type>0</type>
                            <show_legend>1</show_legend>
                            <show_3d>0</show_3d>
                            <percent_left>0.0000</percent_left>
                            <percent_right>0.0000</percent_right>
                            <ymin_type_1>0</ymin_type_1>
                            <ymax_type_1>0</ymax_type_1>
                            <ymin_item_1>0</ymin_item_1>
                            <ymax_item_1>0</ymax_item_1>
                            <graph_items>
                                <graph_item>
                                    <sortorder>0</sortorder>
                                    <drawtype>5</drawtype>
                                    <color>00CCCC</color>
                                    <yaxisside>0</yaxisside>
                                    <calc_fnc>2</calc_fnc>
                                    <type>0</type>
                                    <item>
                                        <host>104_Disk_Performance</host>
                                        <key>custom.vfs.dev[{#FSNAME},IoMs]</key>
                                    </item>
                                </graph_item>
                                <graph_item>
                                    <sortorder>1</sortorder>
                                    <drawtype>5</drawtype>
                                    <color>00CC00</color>
                                    <yaxisside>0</yaxisside>
                                    <calc_fnc>2</calc_fnc>
                                    <type>0</type>
                                    <item>
                                        <host>104_Disk_Performance</host>
                                        <key>custom.vfs.dev[{#FSNAME},ReadMs]</key>
                                    </item>
                                </graph_item>
                                <graph_item>
                                    <sortorder>2</sortorder>
                                    <drawtype>5</drawtype>
                                    <color>DD0000</color>
                                    <yaxisside>0</yaxisside>
                                    <calc_fnc>2</calc_fnc>
                                    <type>0</type>
                                    <item>
                                        <host>104_Disk_Performance</host>
                                        <key>custom.vfs.dev[{#FSNAME},WriteMs]</key>
                                    </item>
                                </graph_item>
                            </graph_items>
                        </graph_prototype>
                        <graph_prototype>
                            <name>Disk rate {#FSNAME}</name>
                            <width>900</width>
                            <height>200</height>
                            <yaxismin>0.0000</yaxismin>
                            <yaxismax>100.0000</yaxismax>
                            <show_work_period>0</show_work_period>
                            <show_triggers>0</show_triggers>
                            <type>0</type>
                            <show_legend>1</show_legend>
                            <show_3d>0</show_3d>
                            <percent_left>0.0000</percent_left>
                            <percent_right>0.0000</percent_right>
                            <ymin_type_1>0</ymin_type_1>
                            <ymax_type_1>0</ymax_type_1>
                            <ymin_item_1>0</ymin_item_1>
                            <ymax_item_1>0</ymax_item_1>
                            <graph_items>
                                <graph_item>
                                    <sortorder>0</sortorder>
                                    <drawtype>5</drawtype>
                                    <color>00CCCC</color>
                                    <yaxisside>0</yaxisside>
                                    <calc_fnc>2</calc_fnc>
                                    <type>0</type>
                                    <item>
                                        <host>104_Disk_Performance</host>
                                        <key>custom.vfs.dev[{#FSNAME},IoProgress]</key>
                                    </item>
                                </graph_item>
                                <graph_item>
                                    <sortorder>1</sortorder>
                                    <drawtype>5</drawtype>
                                    <color>00CC00</color>
                                    <yaxisside>0</yaxisside>
                                    <calc_fnc>2</calc_fnc>
                                    <type>0</type>
                                    <item>
                                        <host>104_Disk_Performance</host>
                                        <key>custom.vfs.dev[{#FSNAME},ReadSectors]</key>
                                    </item>
                                </graph_item>
                                <graph_item>
                                    <sortorder>2</sortorder>
                                    <drawtype>5</drawtype>
                                    <color>DD0000</color>
                                    <yaxisside>0</yaxisside>
                                    <calc_fnc>2</calc_fnc>
                                    <type>0</type>
                                    <item>
                                        <host>104_Disk_Performance</host>
                                        <key>custom.vfs.dev[{#FSNAME},WriteSectors]</key>
                                    </item>
                                </graph_item>
                            </graph_items>
                        </graph_prototype>
                    </graph_prototypes>
                </discovery_rule>
            </discovery_rules>
            <macros>
                <macro>
                    <macro>{$LIMITE_WRITEOPS}</macro>
                    <value>999999</value>
                </macro>
            </macros>
            <templates/>
            <screens/>
        </template>
    </templates>
</zabbix_export>
